{"cameraMode":{"drawMode":0,"name":"Shaded","section":"Shading Mode"},"sceneLighting":false,"audioPlay":false,"sceneViewState":{"showFog":false,"showMaterialUpdate":false,"showSkybox":false,"showFlares":false,"showImageEffects":false,"showParticleSystems":false},"in2DMode":false,"pivot":{"x":5.960464477539063e-8,"y":0.5,"z":-1.1920928955078126e-7},"rotation":{"x":0.0030022994615137579,"y":-0.9931654334068298,"z":0.11371384561061859,"w":0.026223454624414445},"size":7.000357627868652,"orthographic":false}